id,name,email,phone
1,Deonne Maybury,dmaybury0@dyndns.org,1811309480
2,Margaretta Guion,mguion1@biglobe.ne.jp,6752510616
3,Audry Swadling,aswadling2@rediff.com,7294238517
4,Scott Sowersby,ssowersby3@behance.net,8365638591
5,Jo ann Allkins,jann4@chicagotribune.com,7457578604
6,Sue Baulch,sbaulch5@51.la,4777200533
7,Dionisio O'Dougherty,dodougherty6@homestead.com,1452087004
8,Hulda Ashe,hashe7@issuu.com,3711348248
9,Antonetta Sparshott,asparshott8@cloudflare.com,2447997329
10,Flinn Timoney,ftimoney9@tuttocitta.it,5672606842
11,Tatiana Ringe,tringea@123-reg.co.uk,2812366632
12,Norris McClancy,nmcclancyb@people.com.cn,4184222686
13,Jeni Lathan,jlathanc@lulu.com,8742011443
14,Melessa Nellis,mnellisd@drupal.org,8191217295
15,Adolphe Soff,asoffe@microsoft.com,7524108881
16,Sydel Faircloth,sfairclothf@google.it,8314546785
17,Ingaberg de Leon,ideg@github.io,3567204138
18,Gleda Dillet,gdilleth@shareasale.com,6162368517
19,Sal Grishkov,sgrishkovi@infoseek.co.jp,4148580303
20,Shepperd Hale,shalej@zimbio.com,5022061301
21,Cart Rother,crotherk@mozilla.com,4747051394
22,Gretal Fidell,gfidelll@usgs.gov,9435362413
23,Modestine Neames,mneamesm@shutterfly.com,2323633426
24,Heindrick Cloney,hcloneyn@jalbum.net,1982822334
25,Dewain Bellefant,dbellefanto@blogger.com,3934484774